http://google.com	1038
http://facebook.com	2375
http://youtube.com	2027
http://yahoo.com	2939
http://baidu.com	530
http://wikipedia.org	361
http://qq.com	12180
http://linkedin.com	2167
http://taobao.com	5445
http://live.com	2568
http://twitter.com	1480
http://amazon.com	1428
http://sina.com.cn	12056
http://google.co.in	745
http://hao123.com	11801
http://blogspot.com	1036
http://weibo.com	6362
http://wordpress.com	1189
http://yandex.ru	4232
http://yahoo.co.jp	4973
http://bing.com	827
http://tmall.com	3070
http://vk.com	2589
http://360.cn	3036
http://ebay.com	5124
http://sohu.com	9382
http://google.de	1012
http://pinterest.com	2058
http://google.co.uk	3139
http://ask.com	496
http://google.fr	644
http://soso.com	4997
http://msn.com	1463
http://163.com	17279
http://tumblr.com	339
http://instagram.com	2782
http://google.co.jp	519
http://mail.ru	3441
http://google.com.br	605
http://microsoft.com	5003
http://google.ru	662
http://paypal.com	3694
http://xvideos.com	1263
http://google.es	561
http://imdb.com	2725
http://apple.com	1058
http://google.it	558
http://craigslist.org	2496
http://stackoverflow.com	799
http://amazon.co.jp	3317
http://xinhuanet.com	6802
http://imgur.com	2235
http://neobux.com	996
http://google.com.hk	957
http://adcash.com	1446
http://ifeng.com	10892
http://xhamster.com	1145
http://google.com.mx	539
http://bbc.co.uk	5918
http://reddit.com	1173
http://cnn.com	3370
http://blogger.com	1038
http://gmw.cn	18114
http://fc2.com	5816
http://google.ca	568
http://akamaihd.net	15
http://people.com.cn	11880
http://vube.com	4270
http://go.com	2408
http://alipay.com	7886
http://about.com	728
http://t.co	166
http://googleusercontent.com	43
http://wordpress.org	1556
http://alibaba.com	1659
http://odnoklassniki.ru	3176
http://youku.com	13540
http://google.com.tr	600
http://conduit.com	4917
http://godaddy.com	2197
http://aliexpress.com	1930
http://flickr.com	1529
http://huffingtonpost.com	7413
http://pornhub.com	4420
http://google.com.au	539
http://amazon.de	2516
http://ebay.de	5969
http://blogspot.in	510
http://netflix.com	1686
http://google.pl	484
http://kickass.to	1001
http://adobe.com	5815
http://bp.blogspot.com	31
http://thepiratebay.se	1500
http://dailymotion.com	2924
http://vimeo.com	2293
http://cnet.com	6668
http://ku6.com	7398
http://weather.com	4150
http://rakuten.co.jp	9931
http://google.com	428
http://facebook.com	2609
http://youtube.com	1133
http://yahoo.com	1957
http://baidu.com	470
http://wikipedia.org	319
http://qq.com	16486
http://linkedin.com	3955
http://taobao.com	4772
http://live.com	2597
http://twitter.com	1618
http://amazon.com	1597
http://sina.com.cn	9791
http://google.co.in	504
http://hao123.com	9233
http://blogspot.com	1120
http://weibo.com	6604
http://wordpress.com	377
http://yandex.ru	3271
http://yahoo.co.jp	4697
http://bing.com	960
http://tmall.com	2230
http://vk.com	1919
http://360.cn	4262
http://ebay.com	1590
http://sohu.com	12951
http://google.de	594
http://pinterest.com	2916
http://google.co.uk	533
http://ask.com	750
http://google.fr	402
http://soso.com	5005
http://msn.com	923
http://163.com	16545
http://tumblr.com	321
http://instagram.com	3285
http://google.co.jp	904
http://mail.ru	4554
http://google.com.br	412
http://microsoft.com	5005
http://google.ru	601
http://paypal.com	2458
http://xvideos.com	1248
http://google.es	447
http://imdb.com	2494
http://apple.com	926
http://google.it	455
http://craigslist.org	2594
http://stackoverflow.com	690
http://amazon.co.jp	2680
http://xinhuanet.com	8644
http://imgur.com	1670
http://neobux.com	798
http://google.com.hk	661
http://adcash.com	1459
http://ifeng.com	8378
http://xhamster.com	1244
http://google.com.mx	426
http://bbc.co.uk	5727
http://reddit.com	1255
http://cnn.com	2232
http://blogger.com	1124
http://gmw.cn	14004
http://fc2.com	3105
http://google.ca	420
http://akamaihd.net	31
http://people.com.cn	11755
http://vube.com	4447
http://go.com	1807
http://alipay.com	8501
http://about.com	1779
http://t.co	155
http://googleusercontent.com	32
http://wordpress.org	2766
http://alibaba.com	1164
http://odnoklassniki.ru	3200
http://youku.com	12683
http://google.com.tr	562
http://conduit.com	4955
http://godaddy.com	1274
http://aliexpress.com	3280
http://flickr.com	1162
http://huffingtonpost.com	9609
http://pornhub.com	2381
http://google.com.au	736
http://amazon.de	2388
http://ebay.de	1771
http://blogspot.in	416
http://netflix.com	1609
http://google.pl	575
http://kickass.to	994
http://adobe.com	8268
http://bp.blogspot.com	83
http://thepiratebay.se	1349
http://dailymotion.com	2602
http://vimeo.com	1982
http://cnet.com	2419
http://ku6.com	12954
http://weather.com	1396
http://rakuten.co.jp	10123
http://google.com	410
http://facebook.com	2743
http://youtube.com	1114
http://yahoo.com	1417
http://baidu.com	1000
http://wikipedia.org	283
http://qq.com	10435
http://linkedin.com	3125
http://taobao.com	5079
http://live.com	3212
http://twitter.com	1702
http://amazon.com	5300
http://sina.com.cn	10337
http://google.co.in	704
http://hao123.com	10340
http://blogspot.com	1103
http://weibo.com	8537
http://wordpress.com	387
http://yandex.ru	3482
http://yahoo.co.jp	4544
http://bing.com	456
http://tmall.com	3193
http://vk.com	1970
http://360.cn	2988
http://ebay.com	1875
http://sohu.com	9646
http://google.de	481
http://pinterest.com	2798
http://google.co.uk	447
http://ask.com	814
http://google.fr	354
http://soso.com	5004
http://msn.com	4066
http://163.com	16331
http://tumblr.com	273
http://instagram.com	3267
http://google.co.jp	797
http://mail.ru	3897
http://google.com.br	410
http://microsoft.com	5005
http://google.ru	539
http://paypal.com	2750
http://xvideos.com	1211
http://google.es	434
http://imdb.com	1835
http://apple.com	975
http://google.it	606
http://craigslist.org	2937
http://stackoverflow.com	677
http://amazon.co.jp	2220
http://xinhuanet.com	5722
http://imgur.com	3084
http://neobux.com	1100
http://google.com.hk	757
http://adcash.com	1447
http://ifeng.com	9978
http://xhamster.com	1971
http://google.com.mx	473
http://bbc.co.uk	8525
http://reddit.com	1295
http://cnn.com	3249
http://blogger.com	1115
http://gmw.cn	15937
http://fc2.com	5003
http://google.ca	457
http://akamaihd.net	46
http://people.com.cn	10658
http://vube.com	5095
http://go.com	2027
http://alipay.com	8973
http://about.com	887
http://t.co	163
http://googleusercontent.com	40
http://wordpress.org	1751
http://alibaba.com	1356
http://odnoklassniki.ru	4392
http://youku.com	16511
http://google.com.tr	621
http://conduit.com	4919
http://godaddy.com	1714
http://aliexpress.com	2223
http://flickr.com	1671
http://huffingtonpost.com	9529
http://pornhub.com	2631
http://google.com.au	787
http://amazon.de	2495
http://ebay.de	1861
http://blogspot.in	468
http://netflix.com	1817
http://google.pl	415
http://kickass.to	2504
http://adobe.com	5814
http://bp.blogspot.com	102
http://thepiratebay.se	1008
http://dailymotion.com	3477
http://vimeo.com	1919
http://cnet.com	3791
http://ku6.com	10985
http://weather.com	2901
http://rakuten.co.jp	12507
http://google.com	503
http://facebook.com	2707
http://youtube.com	1094
http://yahoo.com	1587
http://baidu.com	1721
http://wikipedia.org	371
http://qq.com	8770
http://linkedin.com	2464
http://taobao.com	5050
http://live.com	4424
http://twitter.com	1997
http://amazon.com	1954
http://sina.com.cn	10004
http://google.co.in	1000
http://hao123.com	5738
http://blogspot.com	1124
http://weibo.com	6162
http://wordpress.com	448
http://yandex.ru	3835
http://yahoo.co.jp	4724
http://bing.com	1578
http://tmall.com	1175
http://vk.com	3091
http://360.cn	2828
http://ebay.com	2388
http://sohu.com	8613
http://google.de	434
http://pinterest.com	2882
http://google.co.uk	447
http://ask.com	808
http://google.fr	446
http://soso.com	5003
http://msn.com	2418
http://163.com	16895
http://tumblr.com	1379
http://instagram.com	3353
http://google.co.jp	813
http://mail.ru	4127
http://google.com.br	435
http://microsoft.com	5001
http://google.ru	529
http://paypal.com	2613
http://xvideos.com	1984
http://google.es	467
http://imdb.com	1897
http://apple.com	923
http://google.it	420
http://craigslist.org	2445
http://stackoverflow.com	559
http://amazon.co.jp	2535
http://xinhuanet.com	9600
http://imgur.com	2065
http://neobux.com	1077
http://google.com.hk	667
http://adcash.com	1479
http://ifeng.com	10361
http://xhamster.com	2380
http://google.com.mx	410
http://bbc.co.uk	8324
http://reddit.com	1412
http://cnn.com	3257
http://blogger.com	1224
http://gmw.cn	16786
http://fc2.com	5199
http://google.ca	512
http://akamaihd.net	16
http://people.com.cn	14244
http://vube.com	4346
http://go.com	2312
http://alipay.com	8620
http://about.com	427
http://t.co	151
http://googleusercontent.com	31
http://wordpress.org	1725
http://alibaba.com	1240
http://odnoklassniki.ru	3094
http://youku.com	16953
http://google.com.tr	535
http://conduit.com	5040
http://godaddy.com	1233
http://aliexpress.com	1390
http://flickr.com	2728
http://huffingtonpost.com	8973
http://pornhub.com	2679
http://google.com.au	753
http://amazon.de	3704
http://ebay.de	1933
http://blogspot.in	490
http://netflix.com	2172
http://google.pl	407
http://kickass.to	1047
http://adobe.com	6503
http://bp.blogspot.com	121
http://thepiratebay.se	868
http://dailymotion.com	2378
http://vimeo.com	1961
http://cnet.com	2506
http://ku6.com	6583
http://weather.com	3598
http://rakuten.co.jp	9771
http://google.com	714
http://facebook.com	2676
http://youtube.com	1358
http://yahoo.com	2218
http://baidu.com	1047
http://wikipedia.org	345
http://qq.com	13790
http://linkedin.com	3244
http://taobao.com	5392
http://live.com	2193
http://twitter.com	1736
http://amazon.com	1153
http://sina.com.cn	10178
http://google.co.in	1012
http://hao123.com	11016
http://blogspot.com	1248
http://weibo.com	5798
http://wordpress.com	423
http://yandex.ru	3621
http://yahoo.co.jp	4509
http://bing.com	1243
http://tmall.com	1261
http://vk.com	6156
http://360.cn	2953
http://ebay.com	1523
http://sohu.com	8162
http://google.de	628
http://pinterest.com	3253
http://google.co.uk	426
http://ask.com	905
http://google.fr	464
http://soso.com	5001
http://msn.com	619
http://163.com	16289
http://tumblr.com	311
http://instagram.com	3293
http://google.co.jp	710
http://mail.ru	3275
http://google.com.br	431
http://microsoft.com	5001
http://google.ru	535
http://paypal.com	2632
http://xvideos.com	1257
http://google.es	412
http://imdb.com	2301
http://apple.com	933
http://google.it	455
http://craigslist.org	3708
http://stackoverflow.com	645
http://amazon.co.jp	3055
http://xinhuanet.com	8590
http://imgur.com	1763
http://neobux.com	935
http://google.com.hk	713
http://adcash.com	5093
http://ifeng.com	9949
http://xhamster.com	1357
http://google.com.mx	476
http://bbc.co.uk	7436
http://reddit.com	1584
http://cnn.com	4160
http://blogger.com	1335
http://gmw.cn	16868
http://fc2.com	4158
http://google.ca	502
http://akamaihd.net	19
http://people.com.cn	9623
http://vube.com	4509
http://go.com	2280
http://alipay.com	8530
http://about.com	545
http://t.co	159
http://googleusercontent.com	56
http://wordpress.org	1745
http://alibaba.com	1302
http://odnoklassniki.ru	3367
http://youku.com	15595
http://google.com.tr	1154
http://conduit.com	1583
http://godaddy.com	2674
http://aliexpress.com	1994
http://flickr.com	2348
http://huffingtonpost.com	9148
http://pornhub.com	2668
http://google.com.au	881
http://amazon.de	2989
http://ebay.de	2663
http://blogspot.in	465
http://netflix.com	1637
http://google.pl	461
http://kickass.to	934
http://adobe.com	8957
http://bp.blogspot.com	145
http://thepiratebay.se	942
http://dailymotion.com	2932
http://vimeo.com	1903
http://cnet.com	4925
http://ku6.com	9301
http://weather.com	1682
http://rakuten.co.jp	11828
http://google.com	629
http://facebook.com	2680
http://youtube.com	1082
http://yahoo.com	1507
http://baidu.com	1988
http://wikipedia.org	326
http://qq.com	15634
http://linkedin.com	2279
http://taobao.com	4866
http://live.com	2257
http://twitter.com	1788
http://amazon.com	1965
http://sina.com.cn	9584
http://google.co.in	1194
http://hao123.com	5773
http://blogspot.com	1236
http://weibo.com	6325
http://wordpress.com	444
http://yandex.ru	4103
http://yahoo.co.jp	4017
http://bing.com	1243
http://tmall.com	950
http://vk.com	1924
http://360.cn	2590
http://ebay.com	1668
http://sohu.com	7894
http://google.de	578
http://pinterest.com	1884
http://google.co.uk	428
http://ask.com	2078
http://google.fr	596
http://soso.com	5003
http://msn.com	866
http://163.com	17974
http://tumblr.com	369
http://instagram.com	3308
http://google.co.jp	847
http://mail.ru	3887
http://google.com.br	500
http://microsoft.com	5001
http://google.ru	512
http://paypal.com	3682
http://xvideos.com	1362
http://google.es	468
http://imdb.com	2447
http://apple.com	898
http://google.it	473
http://craigslist.org	2692
http://stackoverflow.com	655
http://amazon.co.jp	2927
http://xinhuanet.com	7793
http://imgur.com	2159
http://neobux.com	976
http://google.com.hk	748
http://adcash.com	1480
http://ifeng.com	10336
http://xhamster.com	1976
http://google.com.mx	410
http://bbc.co.uk	6994
http://reddit.com	1283
http://cnn.com	3640
http://blogger.com	1282
http://gmw.cn	15680
http://fc2.com	4346
http://google.ca	482
http://akamaihd.net	26
http://people.com.cn	12771
http://vube.com	4758
http://go.com	2347
http://alipay.com	10843
http://about.com	528
http://t.co	152
http://googleusercontent.com	34
http://wordpress.org	1812
http://alibaba.com	3426
http://odnoklassniki.ru	3248
http://youku.com	15083
http://google.com.tr	570
http://conduit.com	5198
http://godaddy.com	1263
http://aliexpress.com	2655
http://flickr.com	1914
http://huffingtonpost.com	10810
http://pornhub.com	2661
http://google.com.au	796
http://amazon.de	2879
http://ebay.de	3350
http://blogspot.in	607
http://netflix.com	1672
http://google.pl	503
http://kickass.to	995
http://adobe.com	5812
http://bp.blogspot.com	175
http://thepiratebay.se	855
http://dailymotion.com	2808
http://vimeo.com	2094
http://cnet.com	3556
http://ku6.com	11602
http://weather.com	1799
http://rakuten.co.jp	11846
http://google.com	662
http://facebook.com	2666
http://youtube.com	968
http://yahoo.com	2001
http://baidu.com	537
http://wikipedia.org	336
http://qq.com	18216
http://linkedin.com	4162
http://taobao.com	5651
http://live.com	2387
http://twitter.com	1811
http://amazon.com	1775
http://sina.com.cn	12866
http://google.co.in	1032
http://hao123.com	14201
http://blogspot.com	1313
http://weibo.com	7146
http://wordpress.com	459
http://yandex.ru	3576
http://yahoo.co.jp	4309
http://bing.com	2537
http://tmall.com	1324
http://vk.com	2054
http://360.cn	2880
http://ebay.com	1519
http://sohu.com	7217
http://google.de	478
http://pinterest.com	2775
http://google.co.uk	667
http://ask.com	1632
http://google.fr	491
http://soso.com	5003
http://msn.com	1210
http://163.com	16836
http://tumblr.com	375
http://instagram.com	3302
http://google.co.jp	706
http://mail.ru	3544
http://google.com.br	552
http://microsoft.com	5002
http://google.ru	536
http://paypal.com	2360
http://xvideos.com	1234
http://google.es	437
http://imdb.com	2581
http://apple.com	960
http://google.it	705
http://craigslist.org	2446
http://stackoverflow.com	711
http://amazon.co.jp	3073
http://xinhuanet.com	5348
http://imgur.com	2919
http://neobux.com	2056
http://google.com.hk	708
http://adcash.com	1396
http://ifeng.com	8935
http://xhamster.com	1262
http://google.com.mx	490
http://bbc.co.uk	8428
http://reddit.com	1326
http://cnn.com	3923
http://blogger.com	1357
http://gmw.cn	13757
http://fc2.com	3917
http://google.ca	502
http://akamaihd.net	18
http://people.com.cn	6545
http://vube.com	4470
http://go.com	2712
http://alipay.com	8886
http://about.com	610
http://t.co	177
http://googleusercontent.com	32
http://wordpress.org	1761
http://alibaba.com	2032
http://odnoklassniki.ru	4278
http://youku.com	11991
http://google.com.tr	1390
http://conduit.com	4263
http://godaddy.com	1182
http://aliexpress.com	2657
http://flickr.com	1364
http://huffingtonpost.com	12291
http://pornhub.com	3937
http://google.com.au	919
http://amazon.de	1608
http://ebay.de	2964
http://blogspot.in	539
http://netflix.com	1724
http://google.pl	495
http://kickass.to	839
http://adobe.com	5836
http://bp.blogspot.com	189
http://thepiratebay.se	881
http://dailymotion.com	2490
http://vimeo.com	2094
http://cnet.com	2606
http://ku6.com	9716
http://weather.com	3596
http://rakuten.co.jp	11352
http://google.com	715
http://facebook.com	2607
http://youtube.com	1582
http://yahoo.com	1469
http://baidu.com	886
http://wikipedia.org	364
http://qq.com	10093
http://linkedin.com	2869
http://taobao.com	6151
http://live.com	3870
http://twitter.com	1852
http://amazon.com	2426
http://sina.com.cn	9884
http://google.co.in	1085
http://hao123.com	14605
http://blogspot.com	1306
http://weibo.com	5892
http://wordpress.com	468
http://yandex.ru	3795
http://yahoo.co.jp	4841
http://bing.com	1491
http://tmall.com	998
http://vk.com	2037
http://360.cn	2503
http://ebay.com	1524
http://sohu.com	8760
http://google.de	956
http://pinterest.com	1829
http://google.co.uk	642
http://ask.com	929
http://google.fr	844
http://soso.com	5002
http://msn.com	743
http://163.com	15815
http://tumblr.com	431
http://instagram.com	3928
http://google.co.jp	758
http://mail.ru	4321
http://google.com.br	543
http://microsoft.com	5002
http://google.ru	514
http://paypal.com	1784
http://xvideos.com	2207
http://google.es	747
http://imdb.com	2861
http://apple.com	1010
http://google.it	760
http://craigslist.org	3179
http://stackoverflow.com	662
http://amazon.co.jp	2880
http://xinhuanet.com	8944
http://imgur.com	2269
http://neobux.com	864
http://google.com.hk	803
http://adcash.com	2198
http://ifeng.com	8886
http://xhamster.com	2121
http://google.com.mx	515
http://bbc.co.uk	8389
http://reddit.com	1404
http://cnn.com	3781
http://blogger.com	1227
http://gmw.cn	13967
http://fc2.com	5441
http://google.ca	629
http://akamaihd.net	18
http://people.com.cn	11938
http://vube.com	4561
http://go.com	2749
http://alipay.com	8665
http://about.com	1836
http://t.co	173
http://googleusercontent.com	31
http://wordpress.org	1841
http://alibaba.com	1308
http://odnoklassniki.ru	3295
http://youku.com	12613
http://google.com.tr	666
http://conduit.com	5144
http://godaddy.com	1347
http://aliexpress.com	1306
http://flickr.com	1718
http://huffingtonpost.com	10433
http://pornhub.com	2104
http://google.com.au	984
http://amazon.de	3109
http://ebay.de	6977
http://blogspot.in	478
http://netflix.com	1699
http://google.pl	1046
http://kickass.to	893
http://adobe.com	6575
http://bp.blogspot.com	221
http://thepiratebay.se	1058
http://dailymotion.com	2571
http://vimeo.com	2492
http://cnet.com	5288
http://ku6.com	8906
http://weather.com	2345
http://rakuten.co.jp	11676
http://google.com	773
http://facebook.com	2629
http://youtube.com	1719
http://yahoo.com	2583
http://baidu.com	659
http://wikipedia.org	609
http://qq.com	11562
http://linkedin.com	1938
http://taobao.com	5749
http://live.com	4791
http://twitter.com	2019
http://amazon.com	4757
http://sina.com.cn	11477
http://google.co.in	1149
http://hao123.com	7151
http://blogspot.com	1548
http://weibo.com	6933
http://wordpress.com	476
http://yandex.ru	7230
http://yahoo.co.jp	4706
http://bing.com	1384
http://tmall.com	1328
http://vk.com	2102
http://360.cn	3182
http://ebay.com	1512
http://sohu.com	8697
http://google.de	889
http://pinterest.com	1952
http://google.co.uk	513
http://ask.com	1693
http://google.fr	835
http://soso.com	5003
http://msn.com	625
http://163.com	9332
http://tumblr.com	391
http://instagram.com	3382
http://google.co.jp	850
http://mail.ru	3841
http://google.com.br	1461
http://microsoft.com	5001
http://google.ru	511
http://paypal.com	1720
http://xvideos.com	2966
http://google.es	763
http://imdb.com	3038
http://apple.com	991
http://google.it	825
http://craigslist.org	2749
http://stackoverflow.com	744
http://amazon.co.jp	2787
http://xinhuanet.com	9925
http://imgur.com	2502
http://neobux.com	895
http://google.com.hk	735
http://adcash.com	2089
http://ifeng.com	9363
http://xhamster.com	1881
http://google.com.mx	586
http://bbc.co.uk	7746
http://reddit.com	1603
http://cnn.com	6140
http://blogger.com	1437
http://gmw.cn	14965
http://fc2.com	4134
http://google.ca	524
http://akamaihd.net	30
http://people.com.cn	13076
http://vube.com	4566
http://go.com	5873
http://alipay.com	9779
http://about.com	491
http://t.co	141
http://googleusercontent.com	31
http://wordpress.org	1953
http://alibaba.com	1369
http://odnoklassniki.ru	3292
http://youku.com	14772
http://google.com.tr	2195
http://conduit.com	2777
http://godaddy.com	1308
http://aliexpress.com	4335
http://flickr.com	1984
http://huffingtonpost.com	10839
http://pornhub.com	3418
http://google.com.au	780
http://amazon.de	3280
http://ebay.de	2099
http://blogspot.in	563
http://netflix.com	1638
http://google.pl	705
http://kickass.to	1832
http://adobe.com	6302
http://bp.blogspot.com	221
http://thepiratebay.se	941
http://dailymotion.com	2894
http://vimeo.com	2290
http://cnet.com	3280
http://ku6.com	9830
http://weather.com	2960
http://rakuten.co.jp	11362
http://google.com	600
http://facebook.com	2901
http://youtube.com	1783
http://yahoo.com	1739
http://baidu.com	873
http://wikipedia.org	327
http://qq.com	12663
http://linkedin.com	3094
http://taobao.com	4716
http://live.com	2704
http://twitter.com	1974
http://amazon.com	1408
http://sina.com.cn	12181
http://google.co.in	957
http://hao123.com	12077
http://blogspot.com	1125
http://weibo.com	6687
http://wordpress.com	1461
http://yandex.ru	3891
http://yahoo.co.jp	7634
http://bing.com	1529
http://tmall.com	907
http://vk.com	2366
http://360.cn	2197
http://ebay.com	1464
http://sohu.com	10145
http://google.de	908
http://pinterest.com	3264
http://google.co.uk	689
http://ask.com	996
http://google.fr	882
http://soso.com	5001
http://msn.com	679
http://163.com	21567
http://tumblr.com	429
http://instagram.com	3480
http://google.co.jp	763
http://mail.ru	4606
http://google.com.br	548
http://microsoft.com	5002
http://google.ru	695
http://paypal.com	2140
http://xvideos.com	2026
http://google.es	773
http://imdb.com	3209
http://apple.com	1123
http://google.it	872
http://craigslist.org	2532
http://stackoverflow.com	831
http://amazon.co.jp	3012
http://xinhuanet.com	9916
http://imgur.com	3845
http://neobux.com	806
http://google.com.hk	1816
http://adcash.com	2184
http://ifeng.com	9377
http://xhamster.com	1353
http://google.com.mx	536
http://bbc.co.uk	7090
http://reddit.com	1533
http://cnn.com	4418
http://blogger.com	1289
http://gmw.cn	15071
http://fc2.com	7424
http://google.ca	609
http://akamaihd.net	27
http://people.com.cn	11108
http://vube.com	5462
http://go.com	2928
http://alipay.com	8493
http://about.com	638
http://t.co	143
http://googleusercontent.com	74
http://wordpress.org	1895
http://alibaba.com	1497
http://odnoklassniki.ru	3335
http://youku.com	13492
http://google.com.tr	788
http://conduit.com	5635
http://godaddy.com	1356
http://aliexpress.com	1490
http://flickr.com	1630
http://huffingtonpost.com	10473
http://pornhub.com	3321
http://google.com.au	939
http://amazon.de	3815
http://ebay.de	2085
http://blogspot.in	592
http://netflix.com	1663
http://google.pl	750
http://kickass.to	855
http://adobe.com	6114
http://bp.blogspot.com	269
http://thepiratebay.se	866
http://dailymotion.com	2651
http://vimeo.com	2261
http://cnet.com	4695
http://ku6.com	8189
http://weather.com	1963
http://rakuten.co.jp	12675
